{"cameraMode":{"drawMode":0,"name":"Shaded","section":"Shading Mode"},"sceneLighting":false,"audioPlay":false,"sceneViewState":{"m_AlwaysRefresh":false,"showFog":true,"showSkybox":false,"showFlares":true,"showImageEffects":true,"showParticleSystems":true,"showVisualEffectGraphs":true,"m_FxEnabled":true},"in2DMode":false,"pivot":{"x":-0.04712510108947754,"y":4.965713024139404,"z":-0.22041583061218263},"rotation":{"x":0.2190946340560913,"y":-0.35557353496551516,"z":0.0861111506819725,"w":0.9046679735183716},"size":6.381078243255615,"orthographic":false}