{"cameraMode":{"drawMode":0,"name":"Shaded","section":"Shading Mode"},"sceneLighting":false,"audioPlay":false,"sceneViewState":{"m_AlwaysRefresh":false,"showFog":true,"showSkybox":false,"showFlares":true,"showImageEffects":true,"showParticleSystems":true,"showVisualEffectGraphs":true,"m_FxEnabled":true},"in2DMode":false,"pivot":{"x":-0.08835753798484802,"y":0.015759587287902833,"z":0.04428224265575409},"rotation":{"x":-0.13639689981937409,"y":0.8204380869865418,"z":-0.2194051295518875,"w":-0.5100394487380981},"size":0.30822068452835085,"orthographic":false}