{"cameraMode":{"drawMode":0,"name":"Shaded","section":"Shading Mode"},"sceneLighting":false,"audioPlay":false,"sceneViewState":{"m_AlwaysRefresh":false,"showFog":true,"showSkybox":false,"showFlares":true,"showImageEffects":true,"showParticleSystems":true,"showVisualEffectGraphs":true,"m_FxEnabled":true},"in2DMode":false,"pivot":{"x":2.2265236377716066,"y":1.7524516582489014,"z":1.2138763666152955},"rotation":{"x":0.1037222370505333,"y":-0.815979540348053,"z":0.15455158054828645,"w":0.5474403500556946},"size":0.35932645201683047,"orthographic":false}