{"cameraMode":{"drawMode":0,"name":"Shaded","section":"Shading Mode"},"sceneLighting":false,"audioPlay":false,"sceneViewState":{"m_AlwaysRefresh":false,"showFog":true,"showSkybox":false,"showFlares":true,"showImageEffects":true,"showParticleSystems":true,"showVisualEffectGraphs":true,"m_FxEnabled":true},"in2DMode":false,"pivot":{"x":-4.76837158203125e-7,"y":3.2430410385131838,"z":-0.0000013709068298339844},"rotation":{"x":0.1024257242679596,"y":-0.8152371644973755,"z":0.15185660123825074,"w":0.549461305141449},"size":4.81997013092041,"orthographic":false}