{"cameraMode":{"drawMode":0,"name":"Shaded","section":"Shading Mode"},"sceneLighting":false,"audioPlay":false,"sceneViewState":{"m_AlwaysRefresh":false,"showFog":true,"showSkybox":false,"showFlares":true,"showImageEffects":true,"showParticleSystems":true,"showVisualEffectGraphs":true,"m_FxEnabled":true},"in2DMode":false,"pivot":{"x":22.60214614868164,"y":-2.148303747177124,"z":18.004133224487306},"rotation":{"x":0.002428281120955944,"y":-0.9947342872619629,"z":0.10121738165616989,"w":0.023168837651610376},"size":9.320164680480957,"orthographic":false}