{"cameraMode":{"drawMode":0,"name":"Shaded","section":"Shading Mode"},"sceneLighting":false,"audioPlay":false,"sceneViewState":{"m_AlwaysRefresh":false,"showFog":true,"showSkybox":false,"showFlares":true,"showImageEffects":true,"showParticleSystems":true,"showVisualEffectGraphs":true,"m_FxEnabled":true},"in2DMode":false,"pivot":{"x":-0.7682619094848633,"y":4.462665557861328,"z":0.0017073750495910645},"rotation":{"x":0.1024257242679596,"y":-0.8152371644973755,"z":0.15185660123825074,"w":0.549461305141449},"size":9.309232711791993,"orthographic":false}