{"cameraMode":{"drawMode":0,"name":"Shaded","section":"Shading Mode"},"sceneLighting":false,"audioPlay":false,"sceneViewState":{"m_AlwaysRefresh":false,"showFog":true,"showSkybox":false,"showFlares":true,"showImageEffects":true,"showParticleSystems":true,"showVisualEffectGraphs":true,"m_FxEnabled":true},"in2DMode":false,"pivot":{"x":-0.0064258575439453129,"y":4.019750595092773,"z":0.020560503005981447},"rotation":{"x":0.1024257242679596,"y":-0.8152371644973755,"z":0.15185660123825074,"w":0.549461305141449},"size":5.0597920417785648,"orthographic":false}