{"cameraMode":{"drawMode":0,"name":"Shaded","section":"Shading Mode"},"sceneLighting":false,"audioPlay":false,"sceneViewState":{"m_AlwaysRefresh":false,"showFog":true,"showSkybox":false,"showFlares":true,"showImageEffects":true,"showParticleSystems":true,"showVisualEffectGraphs":true,"m_FxEnabled":true},"in2DMode":false,"pivot":{"x":194.41152954101563,"y":-104.45243072509766,"z":349.3180847167969},"rotation":{"x":-0.23489540815353394,"y":0.004575361963361502,"z":-0.0009150076075457037,"w":-0.9724540114402771},"size":167.46170043945313,"orthographic":false}