{"cameraMode":{"drawMode":0,"name":"Shaded","section":"Shading Mode"},"sceneLighting":false,"audioPlay":false,"sceneViewState":{"m_AlwaysRefresh":false,"showFog":true,"showSkybox":false,"showFlares":true,"showImageEffects":true,"showParticleSystems":true,"showVisualEffectGraphs":true,"m_FxEnabled":true},"in2DMode":false,"pivot":{"x":0.0018590688705444337,"y":0.3407425284385681,"z":0.000570833683013916},"rotation":{"x":0.2995802164077759,"y":0.5877682566642761,"z":-0.2491726279258728,"w":0.7091968059539795},"size":0.6412944793701172,"orthographic":false}