{"cameraMode":{"drawMode":0,"name":"Shaded","section":"Shading Mode"},"sceneLighting":false,"audioPlay":false,"sceneViewState":{"m_AlwaysRefresh":false,"showFog":true,"showSkybox":false,"showFlares":true,"showImageEffects":true,"showParticleSystems":true,"showVisualEffectGraphs":true,"m_FxEnabled":true},"in2DMode":false,"pivot":{"x":-0.20666033029556275,"y":0.9892981052398682,"z":1.9643075466156006},"rotation":{"x":0.004576468840241432,"y":0.9771044850349426,"z":-0.21194849908351899,"w":0.02117072604596615},"size":0.5727172493934631,"orthographic":false}